{
  "Colombo": [
    6.9365215,
    79.8450706
  ],
  "Ambepussa": [
    7.27366671623237,
    80.18221581623237
  ],
  "Avissawella": [
    6.9365215,
    80.20501449873012
  ],
  "Panadura": [
    6.7038339671707154,
    79.8450706
  ],
  "Puttalam": [
    8.040805967654327,
    79.8450706
  ],
  "Mihintale": [
    8.552358491497165,
    80.35662312384284
  ],
  "Kurunegala": [
    7.50122137702661,
    80.38465519062771
  ],
  "Dambulla": [
    8.029640460662318,
    80.87934115467769
  ],
  "Trincomalee": [
    8.552358491497165,
    81.21591993535627
  ],
  "Jaffna": [
    9.70998582377455,
    80.35662312384284
  ],
  "Nuwara-Eliya": [
    6.9365215,
    80.7891977036849
  ],
  "Ratnapura": [
    6.729595411739595,
    80.41194058699053
  ],
  "Badulla": [
    6.9365215,
    81.06039165670995
  ],
  "Peradeniya": [
    7.209708807048569,
    80.51601039663633
  ],
  "Chenkalady": [
    7.644318601680955,
    81.7681887583909
  ],
  "Batticaloa": [
    7.734054959359461,
    81.6784524007124
  ],
  "Monaragala": [
    6.827362412276336,
    81.6784524007124
  ],
  "Katugastota": [
    7.289535661393913,
    80.87934115467769
  ],
  "Kandy": [
    7.289535661393913,
    80.6338416375513
  ],
  "Galle": [
    6.172693532759503,
    80.37621103441121
  ],
  "Wellawaya": [
    6.729595411739595,
    81.10317036628575
  ],
  "Hambantota": [
    6.14260681654374,
    81.10317036628575
  ],
  "Matara": [
    6.14260681654374,
    80.52376451138771
  ]
}