{
    "Ambepussa": [7.2416622, 80.2114351],
    "Avissawella": [6.9543317, 80.2045736],
    "Badulla": [6.9933044, 81.0543804],
    "Batticaloa": [7.7307847, 81.6752972],
    "Chenkalady": [7.7859809, 81.5898935],
    "Colombo": [6.9365215, 79.8450706],
    "Dambulla": [7.8742687, 80.6510081],
    "Galle": [6.0536547, 80.2212185],
    "Jaffna": [9.6615917, 80.0254091],
    "Kandy": [7.2901864, 80.6338425],
    "Katugastota": [7.3359645, 80.6213319],
    "Kurunegala": [7.4734161, 80.355337],
    "Matara": [5.954982, 80.5549842],
    "Mihintale": [8.3493219, 80.4994328],
    "Monaragala": [6.890609, 81.3457509],
    "Nuwara-Eliya": [6.9496128, 80.789051],
    "Panadura": [6.7123788, 79.9075489],
    "Peradeniya": [7.2698724, 80.5939036],
    "Puttalam": [8.0407913, 79.839379],
    "Ratnapura": [6.705573, 80.3847354],
    "Trincomalee": [8.5873572, 81.2152069],
    "Hambantota": [6.1428862, 81.1212787],
    "Wellawaya": [6.737356, 81.1031268]
}
